[
    {
        "id": "1",
        "type": "inject",
        "name": "Beispiel-Effekt: Jump Boost",
        "props": [],
        "repeat": "",
        "crontab": "",
        "once": false,
        "topic": "",
        "payload": "minecraft:jump_boost",
        "payloadType": "str",
        "x": 100,
        "y": 100,
        "wires": [["2"]]
    },
    {
        "id": "2",
        "type": "function",
        "name": "Effekt zu Farbe",
        "func": "const effect = msg.payload;
const colors = {
    "minecraft:speed": {r:255, g:255, b:255},
    "minecraft:haste": {r:252, g:233, b:79},
    "minecraft:jump_boost": {r:0, g:255, b:127},
    "minecraft:night_vision": {r:50, g:205, b:50},
    "minecraft:regeneration": {r:255, g:20, b:147},
    "minecraft:hero_of_the_village": {r:127, g:255, b:0}
};

const color = colors[effect] || {r:255, g:255, b:255};
msg.payload = JSON.stringify(color);
msg.topic = "led/";
return msg;",
        "outputs": 1,
        "x": 300,
        "y": 100,
        "wires": [["3"]]
    },
    {
        "id": "3",
        "type": "mqtt out",
        "name": "MQTT → LED",
        "topic": "led/",
        "qos": "",
        "retain": "",
        "broker": "mqtt-server",
        "x": 500,
        "y": 100,
        "wires": []
    },
    {
        "id": "mqtt-server",
        "type": "mqtt-broker",
        "name": "Externer MQTT Server",
        "broker": "192.168.1.100",
        "port": "1883",
        "clientid": "",
        "usetls": false,
        "keepalive": "60",
        "cleansession": true,
        "birthTopic": "",
        "birthQos": "0",
        "birthPayload": "",
        "closeTopic": "",
        "closePayload": "",
        "willTopic": "",
        "willQos": "0",
        "willPayload": ""
    }
]